code,system
2BBM.00,readv2
2BBd.00,readv2
312E.00,readv2
312G.00,readv2
3128400,readv2
66AD.00,readv2
3128Z00,readv2
3128300,readv2
3128.00,readv2
X962,readv2
2BBi.00,readv2
2BBX.00,readv2
2BBj.00,readv2
2BBW.00,readv2
2BBL.00,readv2
3129.00,readv2
58C1.00,readv2
2BBF.00,readv2
3128200,readv2
2BBG.00,readv2
2BBE.00,readv2
2BB1.00,readv2
2BBD.00,readv2
3128000,readv2
3128100,readv2
X962 AB,readv2
X962 NM,readv2
68A8.00,readv2
2BBH.00,readv2
2BBN.00,readv2
2BB4.00,readv2
2BBA.00,readv2
2BBC.00,readv2
2BB9.00,readv2
2BB2.00,readv2
2BB3.00,readv2
2BB6.00,readv2
2BBS.00,readv2
2BBV.00,readv2
2BBT.00,readv2
2BB7.00,readv2
2BBR.00,readv2
2BB8.00,readv2
2BB5.00,readv2
2BBI.00,readv2
68A7.00,readv2
2BBY.00,readv2
2BBK.00,readv2
2BBa.00,readv2
2BBo.00,readv2
2BBJ.00,readv2
2BBB.00,readv2
2BB..00,readv2
2BBZ.00,readv2
2BB..11,readv2
3128.11,readv2
2BBk.00,readv2
2BBl.00,readv2
2BBg.00,readv2
2BBe.00,readv2
2BBQ.00,readv2
2BBP.00,readv2
2BBO.00,readv2
2BBc.00,readv2
2BBn.00,readv2
2BBm.00,readv2
2BBb.00,readv2